{
  "train_loss": [
    1.1185055475616454,
    0.8092210320281983,
    0.7353780017089844,
    0.6685406040716171,
    0.6276641672897338,
    0.5999082934951783,
    0.5665536696624756,
    0.5462701821517945,
    0.5308684327697754,
    0.5144343585777282,
    0.49843761724472047,
    0.48287581119537354,
    0.4752093072605133,
    0.4575749655151367,
    0.45167407474517823
  ],
  "train_acc": [
    61.848,
    72.682,
    75.322,
    77.402,
    78.666,
    79.658,
    80.868,
    81.378,
    81.998,
    82.404,
    82.998,
    83.626,
    83.678,
    84.342,
    84.628
  ],
  "val_loss": [
    0.874058883857727,
    0.7819213436126708,
    0.6869702147483826,
    0.5929268650054932,
    0.6197836943626404,
    0.5907832154273986,
    0.5612677226066589,
    0.5795417198181152,
    0.5665181241989136,
    0.5410007707595825,
    0.5450812262535095,
    0.5357723401069641,
    0.4968013105392456,
    0.5369007434844971,
    0.5408402235984803
  ],
  "val_acc": [
    70.82,
    73.86,
    76.23,
    79.69,
    78.63,
    80.03,
    80.59,
    80.19,
    80.66,
    81.73,
    81.61,
    81.94,
    82.87,
    81.61,
    81.94
  ],
  "val_f1": [
    0.7053202528046364,
    0.7362277221186875,
    0.7619733253247507,
    0.7970553991532903,
    0.7858251467756913,
    0.7993832133941593,
    0.8071314538813383,
    0.8016839235645502,
    0.8059188214551729,
    0.8180890928280701,
    0.8139439769885937,
    0.8172227942629745,
    0.8282498195387236,
    0.8156276750388932,
    0.8189783354312602
  ]
}